d,brent_close,ttf_close,gb_power_avg,event_count,avg_tone
2026-01-02,60.75,29.003999710083008,80.39666666666666,9827,-4.959848352331634
2026-01-05,61.7599983215332,27.39900016784668,120.84166666666665,13548,-4.825263519696278
2026-01-06,60.70000076293945,28.07200050354004,147.02958333333333,15185,-4.860022834143315
2026-01-07,59.959999084472656,28.777000427246094,78.83624999999999,15850,-4.696781550823733
2026-01-08,61.9900016784668,27.698999404907227,144.99125,16993,-4.997962577760149
2026-01-09,63.34000015258789,28.374000549316406,88.09375,17307,-4.955392091865058
2026-01-12,63.869998931884766,30.246000289916992,85.46979166666667,14109,-4.972167516430395
2026-01-13,65.47000122070312,31.472999572753906,91.75875,17365,-5.034222670750526
2026-01-14,66.5199966430664,31.812999725341797,90.41854166666667,17858,-5.009615266351128
2026-01-15,63.7599983215332,33.15800094604492,96.99604166666667,18287,-4.903944714779261
2026-01-16,64.12999725341797,36.87900161743164,101.20833333333333,15826,-4.8545785160500525
2026-01-20,64.91999816894531,35.887001037597656,87.00145833333333,13582,-4.417100614889103
2026-01-21,65.23999786376953,39.20800018310547,94.08541666666667,15971,-4.545196172328134
2026-01-22,64.05999755859375,38.07899856567383,96.82583333333334,15451,-4.526347379595072
2026-01-23,65.87999725341797,40.03900146484375,94.54375,14975,-4.573092904879402
2026-01-26,65.58999633789062,39.11199951171875,107.125625,13351,-4.854257022869789
2026-01-27,67.56999969482422,38.76100158691406,96.06958333333334,16091,-4.687667176027427
2026-01-28,68.4000015258789,38.861000061035156,112.40041666666667,16571,-4.624836231956838
2026-01-29,70.70999908447266,40.112998962402344,116.05145833333334,16807,-4.769141318711267
2026-01-30,70.69000244140625,39.28499984741211,96.675,16839,-4.818340942048277
2026-02-02,66.30000305175781,33.94499969482422,95.04229166666666,11928,-4.514947426483202
2026-02-03,67.33000183105469,32.86000061035156,85.6075,14548,-4.556133159085462
2026-02-04,69.45999908447266,33.500999450683594,91.41416666666667,14928,-4.48314051972887
2026-02-05,67.55000305175781,33.73500061035156,81.828125,14348,-4.509034594113515
2026-02-06,68.05000305175781,35.694000244140625,94.243125,13872,-4.769093904752522
2026-02-09,69.04000091552734,33.49599838256836,91.676875,11171,-4.539997566860111
2026-02-10,68.80000305175781,31.84600067138672,80.36479166666668,13994,-4.461276743208492
2026-02-11,69.4000015258789,32.16699981689453,81.86458333333333,15051,-4.292803166811395
2026-02-12,67.5199966430664,32.99399948120117,77.70104166666667,15051,-4.211577675653412
2026-02-13,67.75,32.5,79.13375,14025,-4.486505345984772
2026-02-17,67.41999816894531,29.82200050354004,79.448125,12640,-4.048030683625685
2026-02-18,70.3499984741211,31.481000900268555,70.799375,14232,-4.142337328198128
2026-02-19,71.66000366210938,33.52299880981445,92.12916666666666,15571,-4.208811308044053
2026-02-20,71.76000213623047,32.02899932861328,76.10291666666667,14692,-4.1305566765372275
2026-02-23,71.48999786376953,31.833999633789062,70.06772727272727,11842,-4.09018674316417
2026-02-24,70.7699966430664,30.891000747680664,83.08312500000001,14645,-4.403225040142959
2026-02-25,70.8499984741211,31.049999237060547,74.82479166666667,14558,-4.37401031537598
2026-02-26,70.75,32.2239990234375,49.259166666666665,15695,-4.472342965296392
2026-02-27,72.4800033569336,31.958999633789062,73.10187499999999,15233,-4.148478560261966
2026-03-02,77.73999786376953,44.50600051879883,72.24729166666667,28099,-4.7621553739325355
2026-03-03,81.4000015258789,54.290000915527344,116.57958333333333,29364,-4.712488986870172
2026-03-04,81.4000015258789,48.766998291015625,120.83333333333333,26893,-4.488755939038667
2026-03-05,85.41000366210938,50.73099899291992,107.279375,26764,-4.618059640098095
2026-03-06,92.69000244140625,53.3849983215332,111.28291666666667,23131,-4.572156116080233
2026-03-09,98.95999908447266,56.452999114990234,135.2825,19197,-4.500437586662954
2026-03-10,87.80000305175781,47.393001556396484,91.25229166666666,19957,-4.665892397508056
2026-03-11,91.9800033569336,49.98899841308594,59.93958333333333,21054,-4.630974596777076
2026-03-12,100.45999908447266,50.869998931884766,87.61553191489362,21902,-4.742384137196746
2026-03-13,103.13999938964844,50.1150016784668,89.03833333333334,22357,-4.80279479243856
2026-03-16,100.20999908447266,50.887001037597656,102.17625,17192,-4.420707103881644
2026-03-17,103.41999816894531,51.558998107910156,85.02833333333334,20613,-4.494663668250933
2026-03-18,107.37999725341797,54.6619987487793,110.00916666666666,21840,-4.668428991448102
2026-03-19,108.6500015258789,61.85200119018555,117.78687500000001,22145,-4.776036372642929
2026-03-20,112.19000244140625,59.255001068115234,125.70979166666666,18899,-4.734788628356613
2026-03-23,99.94000244140625,56.68299865722656,122.2625,15428,-4.713948488034217
2026-03-24,104.48999786376953,54.04100036621094,58.016595744680856,18138,-4.473391954014093
2026-03-25,102.22000122070312,52.816001892089844,53.40692307692307,18750,-4.431278528894638
2026-03-26,108.01000213623047,55.21799850463867,119.17625,18486,-4.717135652373018
2026-03-27,112.56999969482422,54.176998138427734,98.97395833333333,17486,-4.958046969764109
2026-03-30,112.77999877929688,54.81399917602539,60.781041666666674,17957,-4.7971807255947265
2026-03-31,118.3499984741211,50.75699996948242,115.94479166666667,18581,-4.864865052629783
2026-04-01,101.16000366210938,47.5099983215332,112.876875,18427,-4.5456777323893665
2026-04-02,109.02999877929688,50.04399871826172,102.08479166666666,16723,-4.595287612830544
2026-04-06,109.7699966430664,50.04399871826172,98.05024390243902,14925,-4.887151032020272
2026-04-07,109.2699966430664,53.24700164794922,80.15605263157894,18130,-4.9751964548042045
2026-04-08,94.75,45.30099868774414,105.28854166666667,20302,-4.667841439553314
2026-04-09,95.91999816894531,46.17499923706055,98.27583333333332,19527,-4.8089599761213755
2026-04-10,95.19999694824219,43.63800048828125,83.10916666666667,16964,-4.707935721011057
2026-04-13,99.36000061035156,46.41299819946289,117.50020833333333,13677,-4.724879230722871
2026-04-14,94.79000091552734,43.3650016784668,99.70687500000001,16482,-4.830484403573731
2026-04-15,94.93000030517578,41.39899826049805,85.46145833333333,16385,-4.534397802635883
2026-04-16,99.38999938964844,42.422000885009766,94.58583333333333,17049,-4.514477446040729
2026-04-17,90.37999725341797,38.76900100708008,78.70937500000001,14933,-4.367513303774515
2026-04-20,95.4800033569336,40.29199981689453,96.20729166666666,13543,-4.5723307053313995
2026-04-21,98.4800033569336,41.930999755859375,86.87645833333333,15469,-4.748876893316686
2026-04-22,101.91000366210938,43.551998138427734,86.31305555555555,15361,-4.72350068222664
2026-04-23,105.06999969482422,44.49599838256836,106.08291666666666,15798,-4.73940786039673
2026-04-24,105.33000183105469,44.861000061035156,104.31458333333335,14939,-4.520427022206237
2026-04-27,108.2300033569336,44.645999908447266,95.84104166666667,13354,-4.733887039726737
2026-04-28,111.26000213623047,43.59400177001953,93.59583333333335,15883,-4.628117356986664
2026-04-29,118.02999877929688,46.85300064086914,83.97125,15700,-4.656399638432185
2026-04-30,114.01000213623047,45.98699951171875,79.72371428571428,15265,-4.524954994057376
2026-05-01,108.16999816894531,45.76599884033203,107.48291666666667,14692,-4.5430781256018005
2026-05-04,114.44000244140625,48.143001556396484,108.53625,12193,-4.304232907833952
2026-05-05,109.87000274658203,46.92599868774414,113.09520833333333,15426,-4.50988544779528
2026-05-06,101.2699966430664,43.902000427246094,104.75541666666668,15693,-4.350853770628875
2026-05-07,100.05999755859375,43.56100082397461,120.05708333333332,15548,-4.500241873123248
2026-05-08,101.29000091552734,44.143001556396484,109.97458333333333,15349,-4.628067585748801
2026-05-11,104.20999908447266,46.233001708984375,103.940625,12100,-4.564977794747587
2026-05-12,107.7699966430664,46.683998107910156,101.40770833333333,14092,-4.544682267661388
2026-05-13,105.62999725341797,46.91999816894531,120.301875,14098,-4.7008711790910045
2026-05-14,105.72000122070312,47.654998779296875,101.33854166666667,15078,-4.4851305881491115
2026-05-15,109.26000213623047,50.16699981689453,110.50979166666667,14221,-4.578784009016155
2026-05-18,112.0999984741211,50.25,116.91854166666667,12694,-4.600319471964683
2026-05-19,111.27999877929688,51.816001892089844,96.93583333333333,15302,-4.559490854515429
2026-05-20,105.0199966430664,49.42499923706055,111.80250000000001,15765,-4.380203273050725
2026-05-21,102.58000183105469,49.40800094604492,107.83166666666666,15043,-4.502760194997396
2026-05-22,103.54000091552734,48.68299865722656,109.72895833333332,13181,-4.575621766126366
2026-05-26,99.58000183105469,47.47200012207031,122.05833333333334,12189,-4.2967040612044345
2026-05-27,94.29000091552734,46.41299819946289,101.78416666666668,14293,-4.569108305243313
2026-05-28,93.70999908447266,46.92100143432617,80.04291666666667,14086,-4.742613471653871
2026-05-29,92.05000305175781,46.000999450683594,102.64229166666667,13401,-4.708091726767488
